Table 1: Number of traders for each stock in each day,,,,,
,,,,,
,AMC,BBBY,GME,GOOGL,TSLA
2019-01-02,1079,1320,1128,1892,1836
2019-01-03,1235,1202,1345,1901,2393
2019-01-04,743,1259,1534,1723,2394
2019-01-07,795,1239,1120,1622,1986
2019-01-08,1003,1096,1489,1782,1898
2019-01-09,650,1298,1560,1928,2824
2019-01-10,1064,1303,1119,1923,1977
2019-01-11,1152,1127,1712,1812,2472
2019-01-14,1127,1250,1344,1928,1768
2019-01-15,914,1145,1399,1974,1580
2019-01-16,1158,1198,1244,1778,2646
2019-01-17,849,1092,1682,1600,2554
2019-01-18,839,1214,1736,1610,2739
2019-01-22,880,1199,1673,1711,1608
2019-01-23,1004,1009,1222,1906,1842
2019-01-24,1250,1184,1771,1934,1967
2019-01-25,970,1175,1299,1723,1926
2019-01-28,1077,1015,1597,1733,1567
2019-01-29,958,1353,1674,1705,2720
2019-01-30,756,1268,1300,1691,2873
2019-01-31,1195,1245,1099,1996,2454
2019-02-01,1298,1247,1861,1744,2192
2019-02-04,891,1142,1491,1980,1924
2019-02-05,1091,1260,1882,1565,2568
2019-02-06,994,1090,1210,1923,2896
2019-02-07,736,1301,1589,1529,2293
2019-02-08,692,1201,1813,1623,1599
2019-02-11,625,1153,1569,1716,2412
2019-02-12,842,1318,1106,1828,2935
2019-02-13,851,1154,1004,1789,2815
2019-02-14,626,1063,1511,1813,2274
2019-02-15,1225,1290,1554,1989,2887
2019-02-19,1143,1145,1639,1818,2236
2019-02-20,965,1273,1253,1973,1906
2019-02-21,863,1310,1339,1983,2563
2019-02-22,785,1047,1855,1642,2057
2019-02-25,870,1104,1780,1541,2986
2019-02-26,1171,1222,1779,1843,2256
2019-02-27,602,1301,1529,1875,1651
2019-02-28,1139,1102,1752,1937,2018
2019-03-01,1026,1231,1614,1610,2789
2019-03-04,1244,1241,1586,1903,2676
2019-03-05,738,1098,1705,1957,1639
2019-03-06,673,1346,1546,1594,2313
2019-03-07,914,1175,1497,1716,2100
2019-03-08,773,1030,1858,1523,2941
2019-03-11,1291,1104,1358,1540,2329
2019-03-12,826,1336,1559,1578,1547
2019-03-13,1296,1191,1045,1632,2998
2019-03-14,1178,1097,1894,1630,2709
2019-03-15,1004,1311,1037,1579,2716
2019-03-18,696,1172,1183,1912,2699
2019-03-19,1178,1297,1193,1822,2123
2019-03-20,772,1029,1382,1977,1729
2019-03-21,1147,1216,1501,1698,2038
2019-03-22,1253,1261,1148,1976,2453
2019-03-25,726,1373,1512,1822,2239
2019-03-26,820,1134,1919,1618,1752
2019-03-27,710,1224,1276,1800,1722
2019-03-28,1265,1080,1955,1910,2866
2019-03-29,1241,1287,1457,1720,2479
2019-04-01,955,1258,1904,1880,2156
2019-04-02,720,1067,1740,1624,2652
2019-04-03,1221,1304,1162,1696,2817
2019-04-04,606,1014,1776,1747,2408
2019-04-05,636,1079,1192,1611,2571
2019-04-08,1042,1084,1514,1529,2015
2019-04-09,1190,1077,1119,1827,1531
2019-04-10,1223,1091,1831,1754,1950
2019-04-11,1123,1132,1057,1608,2670
2019-04-12,927,1147,1153,1834,2580
2019-04-15,736,1306,1010,1739,2684
2019-04-16,784,1041,1987,1702,2477
2019-04-17,1249,1244,1258,1819,1958
2019-04-18,1060,1074,1798,1730,1657
2019-04-22,1150,1180,1765,1831,1511
2019-04-23,1144,1028,1538,1662,2712
2019-04-24,611,1243,1332,1541,2303
2019-04-25,873,1236,1353,1794,1536
2019-04-26,1097,1109,1162,1794,2592
2019-04-29,899,1011,1386,1586,1999
2019-04-30,1062,1261,1813,1791,2181
2019-05-01,867,1400,1299,1957,2617
2019-05-02,764,1048,1170,1698,2739
2019-05-03,1158,1027,1178,1612,2537
2019-05-06,820,1366,1755,1558,1637
2019-05-07,879,1366,1347,1575,1769
2019-05-08,1276,1170,1050,1897,2945
2019-05-09,753,1030,1123,1580,1932
2019-05-10,875,1232,1361,1938,2060
2019-05-13,795,1059,1780,1876,2661
2019-05-14,708,1103,1865,1938,2722
2019-05-15,1261,1154,1706,1916,2319
2019-05-16,795,1339,1645,1781,1632
2019-05-17,1022,1112,1408,1623,2412
2019-05-20,808,1121,1742,1868,2771
2019-05-21,724,1107,1910,1514,2154
2019-05-22,1219,1046,1048,1942,2286
2019-05-23,1019,1298,1520,1870,1916
2019-05-24,869,1011,1523,1611,2133
2019-05-28,920,1043,1264,1693,2875
2019-05-29,888,1240,1533,1563,2602
2019-05-30,1105,1323,1933,1963,1654
2019-05-31,1292,1289,1365,1667,1841
2019-06-03,765,1359,1599,1891,2134
2019-06-04,833,1167,1854,1922,2312
2019-06-05,855,1258,1732,1686,2955
2019-06-06,688,1343,1439,1533,2448
2019-06-07,829,1218,1811,1510,2735
2019-06-10,973,1015,1679,1754,1850
2019-06-11,716,1341,1712,1977,1541
2019-06-12,820,1099,1269,1514,1530
2019-06-13,821,1163,1929,1929,2848
2019-06-14,1207,1080,1903,1725,2751
2019-06-17,1167,1014,1866,1984,2194
2019-06-18,1011,1126,1278,1788,2637
2019-06-19,820,1219,1640,1732,2670
2019-06-20,1213,1245,1455,1658,1946
2019-06-21,984,1152,1510,1972,2215
2019-06-24,808,1037,1239,1539,2005
2019-06-25,764,1162,1415,1557,2574
2019-06-26,784,1155,1837,1983,1938
2019-06-27,1286,1101,1351,1841,1657
2019-06-28,1022,1241,1966,1527,1530
2019-07-01,1103,1275,1231,1804,1654
2019-07-02,904,1120,1738,1675,1817
2019-07-03,644,1198,1739,1886,2284
2019-07-05,917,1384,1180,1788,2464
2019-07-08,988,1367,1608,1971,2872
2019-07-09,1209,1237,1716,1896,2651
2019-07-10,1174,1003,1230,1913,1545
2019-07-11,1294,1290,1298,1567,2613
2019-07-12,729,1282,1106,1810,1692
2019-07-15,1231,1050,1392,1892,2690
2019-07-16,838,1073,1538,1566,1614
2019-07-17,1122,1389,1012,1795,1537
2019-07-18,871,1200,1558,1594,1822
2019-07-19,937,1191,1533,1893,2375
2019-07-22,1119,1164,1916,1781,1721
2019-07-23,1112,1333,1166,1644,2995
2019-07-24,755,1053,1928,1696,1512
2019-07-25,606,1383,1940,1773,2229
2019-07-26,1001,1319,1245,1901,2953
2019-07-29,861,1362,1786,1695,2882
2019-07-30,903,1323,1763,1946,1647
2019-07-31,1264,1376,1911,1538,1743
2019-08-01,1082,1008,1037,1841,2042
2019-08-02,622,1314,1302,1576,2456
2019-08-05,635,1276,1201,1857,2984
2019-08-06,720,1117,1847,1839,1682
2019-08-07,787,1381,1096,1525,2014
2019-08-08,1127,1012,1131,1912,2399
2019-08-09,776,1154,1899,1698,2185
2019-08-12,1121,1301,1098,1662,2364
2019-08-13,771,1094,1856,1890,2790
2019-08-14,1261,1203,1820,1689,1619
2019-08-15,981,1090,1799,1897,2337
2019-08-16,1016,1051,1759,1809,1994
2019-08-19,1018,1285,1918,1736,2575
2019-08-20,652,1333,1120,1757,2491
2019-08-21,729,1014,1055,1644,2996
2019-08-22,721,1285,1471,1671,1876
2019-08-23,866,1386,1637,1859,2604
2019-08-26,667,1320,1362,1798,1809
2019-08-27,698,1219,1197,1872,1691
2019-08-28,1285,1166,1927,1839,2034
2019-08-29,628,1052,1311,1947,2580
2019-08-30,815,1343,1162,1856,2828
2019-09-03,883,1353,1546,1715,2169
2019-09-04,760,1054,1621,1525,2408
2019-09-05,1240,1063,1410,1706,2456
2019-09-06,741,1360,1043,1608,1615
2019-09-09,716,1049,1491,1850,2647
2019-09-10,695,1209,1308,1991,1866
2019-09-11,698,1069,1260,1927,1985
2019-09-12,828,1246,1364,1801,2866
2019-09-13,1295,1021,1280,1519,2440
2019-09-16,1053,1159,1396,1760,2605
2019-09-17,772,1184,1715,1721,2716
2019-09-18,1215,1322,1289,1646,2719
2019-09-19,1229,1105,1779,1524,1768
2019-09-20,1092,1302,1151,1807,2020
2019-09-23,1225,1126,1018,1596,2863
2019-09-24,653,1338,1516,1792,2335
2019-09-25,689,1207,1177,1857,2942
2019-09-26,1254,1346,1026,1791,1862
2019-09-27,1269,1269,1095,1992,2666
2019-09-30,688,1325,1779,1504,2800
2019-10-01,1214,1013,1401,1573,2439
2019-10-02,993,1125,1757,1845,2099
2019-10-03,1224,1325,1396,1909,2745
2019-10-04,870,1272,1381,1706,2797
2019-10-07,900,1176,1656,1915,1633
2019-10-08,890,1129,1582,1984,2046
2019-10-09,1099,1318,1979,1967,2618
2019-10-10,659,1125,1426,1927,2438
2019-10-11,1093,1054,1453,1539,1614
2019-10-14,702,1345,1869,1838,2026
2019-10-15,773,1052,1494,1597,2836
2019-10-16,870,1364,1769,1724,2504
2019-10-17,1037,1080,1910,1900,2958
2019-10-18,744,1270,1897,1749,1930
2019-10-21,767,1052,1762,1566,2071
2019-10-22,701,1256,1829,1900,2512
2019-10-23,1075,1365,1028,1581,2763
2019-10-24,1220,1282,1163,1954,2578
2019-10-25,620,1191,1145,1807,2038
2019-10-28,1177,1176,1938,1789,1786
2019-10-29,889,1066,1595,1528,2233
2019-10-30,722,1195,1356,1680,2442
2019-10-31,969,1397,1744,1926,2331
2019-11-01,649,1126,1645,1551,1864
2019-11-04,714,1236,1910,1638,1934
2019-11-05,857,1123,1216,1598,2680
2019-11-06,714,1400,1412,1592,2058
2019-11-07,1281,1122,1231,1556,2856
2019-11-08,1190,1385,1453,1791,1731
2019-11-11,816,1278,1248,1591,2258
2019-11-12,912,1337,1621,1688,2364
2019-11-13,920,1061,1656,1847,2818
2019-11-14,1131,1032,1002,1748,1881
2019-11-15,993,1225,1799,1759,1772
2019-11-18,1074,1116,1477,1976,2813
2019-11-19,1070,1138,1810,1687,2023
2019-11-20,850,1012,1178,1534,2400
2019-11-21,656,1113,1009,1550,2143
2019-11-22,721,1297,1793,1873,1632
2019-11-25,1247,1042,1219,1570,1776
2019-11-26,753,1028,1664,1658,2404
2019-11-27,806,1375,1566,1820,1514
2019-11-29,1006,1017,1355,1910,1889
2019-12-02,1159,1033,1778,1826,2465
2019-12-03,633,1377,1007,1843,2411
2019-12-04,1175,1004,1709,1541,2272
2019-12-05,814,1363,1955,1873,1998
2019-12-06,1085,1278,1756,1939,2621
2019-12-09,1140,1252,1284,1840,2401
2019-12-10,1245,1134,1451,1614,2322
2019-12-11,1240,1134,1495,1815,2237
2019-12-12,712,1070,1867,1885,2454
2019-12-13,1043,1300,1939,1640,2834
2019-12-16,611,1135,1188,1680,2146
2019-12-17,889,1120,1243,1550,2664
2019-12-18,1124,1198,1843,1793,1566
2019-12-19,924,1343,1601,1931,2774
2019-12-20,1189,1144,1575,1506,2877
2019-12-23,1066,1058,1408,1897,2923
2019-12-24,1124,1126,1888,1530,2004
2019-12-26,909,1368,1302,1826,1807
2019-12-27,1154,1386,1911,1717,2490
2019-12-30,727,1304,1496,1907,2611
2019-12-31,887,1296,1197,1911,1620
2020-01-02,1077,1031,1772,1978,2947
2020-01-03,854,1147,1073,1756,1953
2020-01-06,869,1197,1963,1974,2180
2020-01-07,1224,1277,1037,1919,2153
2020-01-08,1144,1120,1782,1750,2922
2020-01-09,1172,1193,1682,1974,2637
2020-01-10,909,1190,1492,1918,2571
2020-01-13,804,1075,1282,1688,1795
2020-01-14,1135,1343,1881,1602,2214
2020-01-15,1171,1292,1336,1837,2237
2020-01-16,652,1099,1910,1652,2144
2020-01-17,997,1367,1517,1741,2168
2020-01-21,746,1092,1544,1823,1586
2020-01-22,614,1139,1820,1934,1556
2020-01-23,680,1329,1702,1898,1779
2020-01-24,1240,1242,1249,1671,2429
2020-01-27,661,1397,1104,1918,2570
2020-01-28,901,1355,1974,1805,2749
2020-01-29,1224,1019,1240,1935,2014
2020-01-30,1203,1005,1054,1846,2127
2020-01-31,1240,1255,1806,1732,2611
2020-02-03,1102,1125,1368,1573,2168
2020-02-04,1217,1249,1198,1565,2797
2020-02-05,1234,1025,1035,1648,2610
2020-02-06,1191,1012,1871,1717,2598
2020-02-07,667,1010,1385,1691,1931
2020-02-10,880,1285,1744,1988,2671
2020-02-11,1116,1013,1415,1859,1981
2020-02-12,849,1366,1619,1760,1607
2020-02-13,1033,1265,1571,1910,1733
2020-02-14,606,1134,1195,1851,2113
2020-02-18,669,1367,1805,1911,2059
2020-02-19,1178,1353,1649,1536,2332
2020-02-20,1026,1272,1575,1988,1991
2020-02-21,1266,1129,1572,1605,2108
2020-02-24,877,1045,1074,1955,2754
2020-02-25,999,1177,1227,1976,2043
2020-02-26,841,1009,1672,1626,2734
2020-02-27,807,1033,1807,1831,2835
2020-02-28,826,1263,1279,1625,2666
2020-03-02,993,1065,1111,1946,2178
2020-03-03,812,1320,1257,1861,2668
2020-03-04,628,1061,1591,1664,1874
2020-03-05,628,1048,1549,1710,1638
2020-03-06,756,1214,1185,1606,2892
2020-03-09,1179,1152,1897,1537,2302
2020-03-10,757,1250,1697,1536,1848
2020-03-11,714,1384,1875,1749,1872
2020-03-12,657,1330,1891,1661,2890
2020-03-13,648,1175,1668,1950,1889
2020-03-16,1015,1133,1694,1908,2129
2020-03-17,1243,1354,1277,1950,2493
2020-03-18,1063,1191,1434,1542,1781
2020-03-19,684,1316,1391,1834,2272
2020-03-20,766,1258,1012,1787,1795
2020-03-23,1082,1317,1814,1730,1809
2020-03-24,644,1049,1206,1996,2420
2020-03-25,1040,1349,1430,1788,1673
2020-03-26,1197,1064,1737,1615,2101
2020-03-27,893,1231,1029,1539,2462
2020-03-30,1104,1139,1426,1677,1723
2020-03-31,690,1016,1834,1591,2033
2020-04-01,761,1115,1049,1843,2831
2020-04-02,710,1080,1155,1896,1780
2020-04-03,630,1004,1749,1878,2294
2020-04-06,853,1317,1357,1948,1712
2020-04-07,1053,1106,1309,1596,2580
2020-04-08,803,1373,1925,1849,2943
2020-04-09,842,1285,1532,1821,2986
2020-04-13,642,1318,1354,1894,2087
2020-04-14,677,1079,1142,1919,1844
2020-04-15,739,1097,1498,1578,2026
2020-04-16,600,1307,1583,1666,2950
2020-04-17,951,1062,1605,1518,2244
2020-04-20,669,1009,1285,1836,2006
2020-04-21,608,1055,1678,1614,2628
2020-04-22,910,1219,1937,1529,2203
2020-04-23,1263,1386,1136,1930,2908
2020-04-24,744,1264,1889,1678,2968
2020-04-27,1010,1071,1059,1683,2062
2020-04-28,1129,1275,1062,1941,1611
2020-04-29,1188,1039,1148,1677,2661
2020-04-30,806,1310,1659,1952,2644
2020-05-01,941,1243,1735,1748,2153
2020-05-04,1056,1276,1486,1756,2427
2020-05-05,780,1286,1522,1924,2518
2020-05-06,827,1098,1343,1802,2960
2020-05-07,673,1205,1532,1602,2034
2020-05-08,1172,1313,1212,1605,2379
2020-05-11,791,1344,1498,1941,1847
2020-05-12,806,1116,1725,1964,2984
2020-05-13,1278,1124,1174,1543,2555
2020-05-14,717,1173,1599,1528,1613
2020-05-15,734,1385,1280,1563,1943
2020-05-18,1005,1343,1693,1981,1857
2020-05-19,653,1392,1560,1505,2495
2020-05-20,855,1029,1776,1617,2059
2020-05-21,1157,1357,1280,1929,1691
2020-05-22,625,1084,1203,1550,1724
2020-05-26,1129,1380,1677,1737,1503
2020-05-27,737,1050,1995,1571,1812
2020-05-28,980,1022,1333,1933,2251
2020-05-29,1048,1103,1767,1528,2148
2020-06-01,1079,1303,1947,1514,2906
2020-06-02,1131,1393,1688,1643,2952
2020-06-03,1078,1077,1004,1711,2949
2020-06-04,684,1245,1036,1649,2310
2020-06-05,971,1386,1969,1553,2397
2020-06-08,1180,1352,1084,1764,1970
2020-06-09,979,1253,1923,1881,2679
2020-06-10,911,1094,1232,1847,1743
2020-06-11,1011,1396,1357,1783,2079
2020-06-12,1020,1360,1500,1794,2411
2020-06-15,657,1265,1801,2000,1813
2020-06-16,1122,1020,1982,1678,1897
2020-06-17,1073,1039,1982,1683,2115
2020-06-18,614,1074,1302,1848,1651
2020-06-19,904,1233,1522,1908,1742
2020-06-22,861,1098,1945,1948,1879
2020-06-23,953,1194,1353,1619,2815
2020-06-24,1078,1191,1853,1819,1564
2020-06-25,1061,1068,1276,1800,1807
2020-06-26,879,1340,1289,1794,1847
2020-06-29,780,1154,1362,1575,2818
2020-06-30,1195,1366,1535,1789,2023
2020-07-01,674,1052,1612,1559,2803
2020-07-02,607,1312,1292,1555,1962
2020-07-06,802,1244,1782,1982,2645
2020-07-07,709,1073,1497,1794,2142
2020-07-08,1037,1079,1051,1643,1666
2020-07-09,957,1363,1879,1928,2890
2020-07-10,918,1004,1857,1620,1654
2020-07-13,675,1229,1615,1872,2534
2020-07-14,680,1386,1622,1973,1805
2020-07-15,1095,1333,1805,1634,1869
2020-07-16,1098,1173,1055,1555,2901
2020-07-17,721,1355,1655,1652,2457
2020-07-20,995,1088,1357,1682,2019
2020-07-21,1296,1223,1648,1515,1889
2020-07-22,1027,1271,1667,1739,2411
2020-07-23,933,1187,1662,1785,1742
2020-07-24,921,1088,1279,1911,2068
2020-07-27,1047,1052,1564,1973,2369
2020-07-28,1188,1322,1601,1624,2677
2020-07-29,877,1082,1458,1519,2372
2020-07-30,1160,1138,1271,1918,1670
2020-07-31,695,1330,1115,1876,1934
2020-08-03,1052,1282,1680,1662,2304
2020-08-04,938,1138,1889,1728,2729
2020-08-05,905,1064,1639,1720,2011
2020-08-06,1128,1262,1220,1913,2338
2020-08-07,915,1031,1062,1632,1744
2020-08-10,841,1210,1932,1845,2453
2020-08-11,640,1321,1966,1911,1802
2020-08-12,708,1108,1272,1707,2112
2020-08-13,1028,1017,1721,1941,1881
2020-08-14,874,1257,1803,1928,2330
2020-08-17,1107,1137,1263,1866,1786
2020-08-18,1017,1360,1894,1833,2380
2020-08-19,825,1304,1170,1676,2126
2020-08-20,1251,1205,1430,1537,1664
2020-08-21,1205,1260,1179,1688,2160
2020-08-24,627,1128,1274,1970,2233
2020-08-25,845,1152,1709,1869,2515
2020-08-26,956,1214,1987,1518,1653
2020-08-27,1123,1315,1329,1737,1820
2020-08-28,882,1354,1293,1558,1615
2020-08-31,621,1172,1368,1971,2561
2020-09-01,1071,1372,1931,1736,1766
2020-09-02,601,1248,1754,1515,1956
2020-09-03,1141,1224,1942,1543,1947
2020-09-04,702,1398,1219,1599,2475
2020-09-08,1093,1272,1191,1540,1961
2020-09-09,998,1105,1753,1788,1543
2020-09-10,893,1275,1840,1674,1883
2020-09-11,1049,1224,1820,1876,2764
2020-09-14,1266,1377,1481,1867,1685
2020-09-15,1049,1220,1687,1922,1872
2020-09-16,1294,1187,1660,1905,2563
2020-09-17,1011,1011,1214,1760,2913
2020-09-18,1202,1385,1062,1637,2564
2020-09-21,786,1016,1525,1788,2741
2020-09-22,1086,1019,1651,1884,2774
2020-09-23,1120,1245,1709,1837,2542
2020-09-24,1001,1349,1423,1719,2795
2020-09-25,1080,1352,1945,1590,2447
2020-09-28,721,1125,1558,1660,2239
2020-09-29,1258,1270,1291,1646,2609
2020-09-30,804,1102,1536,1588,2714
2020-10-01,792,1190,1112,1601,1616
2020-10-02,648,1101,1885,1511,2643
2020-10-05,1148,1274,1479,1844,1749
2020-10-06,1235,1299,1837,1504,2286
2020-10-07,782,1244,1971,1806,1905
2020-10-08,1114,1309,1514,1887,2030
2020-10-09,1165,1368,1394,1562,2145
2020-10-12,1074,1325,1744,1518,2039
2020-10-13,1069,1350,1391,1562,2441
2020-10-14,1158,1179,1244,1589,1995
2020-10-15,1174,1160,1543,1502,2013
2020-10-16,1028,1316,1883,1787,1514
2020-10-19,1055,1262,1793,1610,1664
2020-10-20,1220,1170,1807,1560,2048
2020-10-21,1206,1102,1198,1722,1864
2020-10-22,699,1057,1656,1935,2353
2020-10-23,1175,1361,1909,1512,2387
2020-10-26,843,1326,1838,1634,1638
2020-10-27,948,1004,1639,1917,1597
2020-10-28,765,1210,1398,1678,1839
2020-10-29,866,1396,1835,1543,1611
2020-10-30,656,1259,1992,1619,1559
2020-11-02,1185,1150,1298,1933,2919
2020-11-03,1293,1201,1130,1806,1971
2020-11-04,775,1113,1434,1602,2463
2020-11-05,790,1172,1923,1797,2761
2020-11-06,1083,1006,1106,1608,1962
2020-11-09,628,1087,1423,1950,2011
2020-11-10,675,1135,1707,1877,1631
2020-11-11,757,1003,1218,1519,2943
2020-11-12,1062,1054,1886,1925,2556
2020-11-13,890,1101,1819,1680,1707
2020-11-16,1135,1209,1723,1685,2307
2020-11-17,1287,1393,1266,1505,2758
2020-11-18,743,1352,1408,1955,1568
2020-11-19,986,1319,1715,1639,2716
2020-11-20,1165,1122,1746,1653,2077
2020-11-23,1077,1225,1848,1694,2180
2020-11-24,1144,1035,1458,1728,1672
2020-11-25,783,1307,1098,1937,2538
2020-11-27,1249,1112,1683,1672,2740
2020-11-30,1290,1359,1095,1887,2400
2020-12-01,1189,1166,1479,1662,2565
2020-12-02,655,1008,1276,1955,1513
2020-12-03,1170,1129,1489,1699,1569
2020-12-04,925,1000,1012,1592,2069
2020-12-07,1041,1061,1599,1551,2994
2020-12-08,605,1348,1299,1945,2530
2020-12-09,974,1228,1881,1844,2149
2020-12-10,754,1090,1685,1560,2331
2020-12-11,1272,1312,1499,1501,2255
2020-12-14,1100,1105,1322,1854,2569
2020-12-15,854,1381,1349,1851,1635
2020-12-16,1185,1307,1264,1983,1544
2020-12-17,918,1250,1343,1510,2963
2020-12-18,1108,1293,1702,1586,1659
2020-12-21,1205,1120,1078,1691,1616
2020-12-22,967,1202,1207,1825,2669
2020-12-23,1014,1108,1783,1644,1988
2020-12-24,895,1375,1636,1653,2737
2020-12-28,744,1069,1534,1746,1753
2020-12-29,950,1068,1731,1833,2775
2020-12-30,918,1349,1531,1798,1905
2020-12-31,893,1009,1085,1513,1747
2021-01-04,844,1110,1511,1790,2664
2021-01-05,1227,1028,1912,1683,2231
2021-01-06,920,1342,1988,1637,2417
2021-01-07,740,1217,1305,1937,2948
2021-01-08,622,1275,1891,1708,2457
2021-01-11,1016,1304,1841,1946,2575
2021-01-12,1189,1037,1556,1734,2325
2021-01-13,876,1056,1983,1899,2803
2021-01-14,1009,1360,1836,1685,2373
2021-01-15,789,1267,1600,1667,2477
2021-01-19,740,1092,1882,1884,2251
2021-01-20,928,1321,1402,1698,2117
2021-01-21,1198,1208,1033,1639,2015
2021-01-22,660,1103,1863,1976,1934
2021-01-25,1187,1116,1572,1590,2733
2021-01-26,723,1294,1787,1530,2730
2021-01-27,861,1226,1328,1774,2629
2021-01-28,658,1234,1012,1783,2487
2021-01-29,725,1387,1134,1602,2273
2021-02-01,627,1272,1496,1695,2329
2021-02-02,747,1121,1507,1981,1597
2021-02-03,745,1266,1621,1540,2554
2021-02-04,744,1053,1531,1536,2059
2021-02-05,1277,1081,1784,1657,2869
2021-02-08,1297,1336,1742,1803,2301
2021-02-09,1112,1377,1645,1604,2095
2021-02-10,1172,1103,1377,1542,2005
2021-02-11,665,1053,1275,1507,2465
2021-02-12,1012,1321,1195,1773,2254
2021-02-16,945,1126,1503,1717,2096
2021-02-17,602,1024,1898,1734,2820
2021-02-18,691,1375,1656,1978,2204
2021-02-19,864,1203,1121,1622,2558
2021-02-22,901,1011,1746,1945,2110
2021-02-23,862,1076,1875,1866,1943
2021-02-24,1196,1380,1957,1990,1609
2021-02-25,743,1018,1546,1686,1667
2021-02-26,620,1319,1106,1748,1596
2021-03-01,1223,1026,1083,1861,2689
2021-03-02,907,1261,1902,1755,2070
2021-03-03,903,1331,1771,1936,2486
2021-03-04,1008,1230,1687,1745,2427
2021-03-05,922,1399,1909,1785,2245
2021-03-08,672,1092,1901,1893,2233
2021-03-09,1091,1022,1288,1575,2495
2021-03-10,1131,1219,1369,1995,2977
2021-03-11,841,1295,1960,1822,1623
2021-03-12,764,1050,1488,1789,2099
2021-03-15,1029,1061,1294,1943,1557
2021-03-16,1289,1069,1140,1615,1825
2021-03-17,982,1124,1216,1955,2942
2021-03-18,638,1085,1331,1984,1952
2021-03-19,998,1180,1540,1924,1724
2021-03-22,966,1343,1885,1862,2092
2021-03-23,1105,1018,1485,1642,2425
2021-03-24,771,1077,1854,1562,2368
2021-03-25,734,1374,1258,1930,2501
2021-03-26,776,1220,1000,1943,1512
2021-03-29,1213,1357,1598,1823,2050
2021-03-30,879,1115,1208,1507,2220
2021-03-31,853,1103,1033,1734,1931
2021-04-01,1138,1147,1354,1952,2546
2021-04-05,764,1245,1603,1891,2626
2021-04-06,960,1201,1294,1684,2943
2021-04-07,658,1048,1447,1632,2507
2021-04-08,1125,1321,1514,1615,2898
2021-04-09,912,1395,1917,1746,2144
2021-04-12,1052,1301,1107,1891,2173
2021-04-13,880,1344,1927,1890,2991
2021-04-14,729,1171,1673,1758,1564
2021-04-15,1137,1219,1308,1820,2479
2021-04-16,879,1210,1447,1798,2353
2021-04-19,617,1320,1249,1501,1638
2021-04-20,1111,1060,1416,1812,2685
2021-04-21,1242,1123,1667,1676,2296
2021-04-22,803,1002,1447,1566,1863
2021-04-23,980,1169,1673,1665,2128
2021-04-26,911,1328,1314,1801,2987
2021-04-27,1156,1121,1385,1661,1751
2021-04-28,1212,1322,1365,1765,2022
2021-04-29,802,1104,1397,1837,2133
2021-04-30,644,1350,1276,1882,2788
2021-05-03,1230,1345,1469,1765,2178
2021-05-04,742,1158,1381,1814,2299
2021-05-05,927,1395,1556,1582,1696
2021-05-06,723,1269,1957,1726,2209
2021-05-07,976,1314,1701,1585,1986
2021-05-10,722,1231,1460,1758,2904
2021-05-11,1161,1305,1355,1505,2504
2021-05-12,1049,1212,1502,1594,2272
2021-05-13,845,1236,1283,1546,2645
2021-05-14,1015,1160,1943,1679,2807
2021-05-17,1278,1146,1465,1808,2894
2021-05-18,1156,1374,1119,1715,2011
2021-05-19,1233,1266,1427,1704,2244
2021-05-20,1086,1025,1625,1641,1853
2021-05-21,768,1059,1369,1519,1598
2021-05-24,1143,1068,1499,1968,2000
2021-05-25,861,1264,1143,1526,2000
2021-05-26,1077,1306,1004,1601,2875
2021-05-27,1232,1338,1961,1555,2379
2021-05-28,756,1150,1630,1741,2430
2021-06-01,1009,1168,1317,1573,2463
2021-06-02,1292,1251,1744,1984,2126
2021-06-03,1131,1247,1725,1802,1562
2021-06-04,1242,1046,1318,1673,2948
2021-06-07,1185,1034,1921,1708,2590
2021-06-08,842,1310,1058,1634,2916
2021-06-09,1266,1241,1464,1550,2226
2021-06-10,1107,1014,1679,1578,1553
2021-06-11,1169,1321,1030,1639,1944
2021-06-14,619,1243,1757,1904,2785
2021-06-15,1014,1213,1756,1858,2038
2021-06-16,655,1343,1198,1884,1744
2021-06-17,1250,1056,1718,1504,2588
2021-06-18,729,1375,1479,1953,1565
2021-06-21,1183,1012,1556,1591,2359
2021-06-22,1170,1200,1604,1570,2120
2021-06-23,983,1120,1603,1678,1748
2021-06-24,1014,1284,1664,1709,1559
2021-06-25,680,1355,1346,1958,1599
2021-06-28,962,1056,1230,1643,1780
2021-06-29,806,1106,1580,1667,2227
2021-06-30,917,1348,1660,1684,1970
2021-07-01,1200,1346,1423,1690,1576
2021-07-02,1021,1047,1246,1841,2467
2021-07-06,847,1244,1947,1758,2840
2021-07-07,838,1149,1261,1660,2461
2021-07-08,613,1322,1006,1503,1767
2021-07-09,651,1392,1077,1805,2626
2021-07-12,622,1151,1364,1891,2563
2021-07-13,1090,1363,1836,1625,2506
2021-07-14,701,1272,1621,1930,2511
2021-07-15,832,1327,1671,1833,2579
2021-07-16,982,1014,1033,1912,2248
2021-07-19,1200,1120,1838,1756,2615
2021-07-20,1239,1209,1280,1650,2721
2021-07-21,1048,1085,1263,1502,1967
2021-07-22,914,1196,1707,1600,2900
2021-07-23,841,1395,1748,1726,2370
2021-07-26,1150,1239,1908,1895,1949
2021-07-27,760,1133,1965,1699,2061
2021-07-28,989,1265,1798,1737,2803
2021-07-29,654,1102,1779,1636,2564
2021-07-30,1128,1068,1922,1979,1977
2021-08-02,1030,1107,1500,1600,1625
2021-08-03,702,1391,1305,1586,2870
2021-08-04,743,1248,1194,1892,2074
2021-08-05,814,1384,1298,1804,2298
2021-08-06,1287,1098,1402,1869,1519
2021-08-09,890,1016,2000,1817,1865
2021-08-10,1261,1251,1170,1956,2369
2021-08-11,915,1033,1286,1827,2149
2021-08-12,1039,1214,1777,1637,2387
2021-08-13,945,1058,1677,1522,2994
2021-08-16,808,1361,1105,1554,2683
2021-08-17,980,1263,1401,1736,1794
2021-08-18,850,1218,1073,1508,1658
2021-08-19,1186,1230,1868,1503,1902
2021-08-20,840,1033,1327,1692,2471
2021-08-23,767,1326,1159,1588,2433
2021-08-24,821,1046,1014,1540,2468
2021-08-25,918,1221,1504,1602,2572
2021-08-26,779,1388,1386,1781,2809
2021-08-27,716,1068,1851,1637,2570
2021-08-30,769,1323,1217,1694,2892
2021-08-31,1238,1385,1513,1896,1767
2021-09-01,1136,1049,1644,1738,1572
2021-09-02,1027,1006,1330,1759,2557
2021-09-03,851,1189,1347,1675,2301
2021-09-07,879,1220,1850,1827,2052
2021-09-08,970,1148,1518,1660,2285
2021-09-09,733,1235,1327,1939,2755
2021-09-10,616,1254,1716,1953,1842
2021-09-13,630,1306,1615,1528,2590
2021-09-14,1285,1115,1775,1634,1814
2021-09-15,1293,1366,1700,1762,1880
2021-09-16,920,1013,1159,1933,2863
2021-09-17,612,1110,1963,1594,1884
2021-09-20,825,1036,1980,1615,2363
2021-09-21,986,1039,1246,1923,2686
2021-09-22,991,1399,1401,1973,1637
2021-09-23,650,1389,1275,1829,2193
2021-09-24,1065,1186,1409,1943,2131
2021-09-27,790,1296,1700,1508,1930
2021-09-28,697,1378,1047,1598,2066
2021-09-29,907,1324,1924,1980,2543
2021-09-30,1069,1308,1609,1538,1965
2021-10-01,997,1343,1148,1952,2940
2021-10-04,1067,1346,1370,1645,2791
2021-10-05,751,1082,1396,1804,2130
2021-10-06,977,1017,1788,1515,2660
2021-10-07,1157,1204,1054,1721,1777
2021-10-08,711,1342,1258,1871,2780
2021-10-11,929,1189,1511,1914,2949
2021-10-12,895,1090,1081,1533,2734
2021-10-13,1242,1291,1068,1952,1627
2021-10-14,611,1234,1791,1626,2335
2021-10-15,855,1227,1100,1818,2352
2021-10-18,925,1243,1634,1767,2393
2021-10-19,1282,1055,1700,1989,1858
2021-10-20,680,1162,1293,1613,1536
2021-10-21,1202,1245,1636,1945,1880
2021-10-22,816,1327,1823,1774,2800
2021-10-25,985,1018,1467,1795,2581
2021-10-26,1181,1148,1006,1861,2594
2021-10-27,1208,1254,1499,1529,2044
2021-10-28,711,1351,1824,1767,1582
2021-10-29,1243,1076,1594,1845,1941
2021-11-01,833,1137,1392,1768,2508
2021-11-02,1006,1321,1909,1669,2218
2021-11-03,803,1232,1640,1889,2404
2021-11-04,609,1095,1881,1863,2137
2021-11-05,665,1186,1613,1940,2810
2021-11-08,1057,1368,1370,1904,1901
2021-11-09,740,1242,1319,1509,2980
2021-11-10,1031,1391,1595,1598,1636
2021-11-11,687,1279,1818,1830,2090
2021-11-12,748,1241,1870,1878,2122
2021-11-15,1077,1370,1389,1926,2376
2021-11-16,809,1233,1594,1931,2945
2021-11-17,779,1175,1477,1900,1626
2021-11-18,661,1062,1586,1545,2062
2021-11-19,1273,1323,1775,1906,2572
2021-11-22,904,1167,1907,1652,2784
2021-11-23,839,1213,1360,1571,1813
2021-11-24,764,1355,1711,1601,2580
2021-11-26,1098,1378,1524,1950,1781
2021-11-29,1000,1080,1562,1589,2114
2021-11-30,1039,1064,1192,1526,2510
2021-12-01,1085,1034,1174,1650,1705
2021-12-02,1004,1285,1438,1766,2269
2021-12-03,966,1134,1767,1904,2735
2021-12-06,820,1027,1963,1689,1851
2021-12-07,953,1191,1726,1849,2154
2021-12-08,988,1069,1861,1524,2848
2021-12-09,1052,1171,1366,1984,2568
2021-12-10,958,1221,1691,1772,1911
2021-12-13,609,1125,1423,1500,2900
2021-12-14,1002,1042,1246,1855,2107
2021-12-15,1286,1021,1549,1558,2302
2021-12-16,813,1072,1134,1754,2535
2021-12-17,1158,1251,1278,1807,2977
2021-12-20,852,1060,1303,1958,1543
2021-12-21,1124,1290,1162,1614,2889
2021-12-22,787,1171,1810,1831,2540
2021-12-23,838,1264,1116,1601,2667
2021-12-27,1220,1219,1056,1600,2097
2021-12-28,821,1190,1541,1570,2675
2021-12-29,1094,1226,1485,1500,2935
2021-12-30,956,1032,1553,1798,2797
2021-12-31,877,1027,1153,1532,2633
2022-01-03,1023,1343,1722,1659,2874
2022-01-04,994,1246,1251,1834,2135
2022-01-05,1239,1081,1938,1524,1828
2022-01-06,1171,1220,1028,1660,2715
2022-01-07,880,1156,1039,1991,2555
2022-01-10,663,1313,1038,1841,1708
2022-01-11,1136,1188,1350,1971,1551
2022-01-12,906,1387,1807,1620,2181
2022-01-13,1156,1199,1761,1606,2862
2022-01-14,823,1371,1456,1755,1869
2022-01-18,1123,1380,1749,1913,2629
2022-01-19,1136,1339,1842,1630,1832
2022-01-20,816,1211,1941,1554,1742
2022-01-21,1067,1054,1533,1759,2586
2022-01-24,1198,1064,1390,1634,2573
2022-01-25,1170,1068,1408,1628,1902
2022-01-26,775,1129,1853,1697,1552
2022-01-27,996,1009,1743,1521,1898
2022-01-28,875,1087,1872,1973,2207
2022-01-31,854,1030,1881,1810,2241
2022-02-01,637,1016,1980,1724,1807
2022-02-02,685,1049,1697,1993,2037
2022-02-03,1273,1284,1751,1571,2911
2022-02-04,1163,1241,1711,1942,1965
2022-02-07,1009,1326,1252,1552,1590
2022-02-08,1087,1356,1704,1808,1743
2022-02-09,893,1121,1729,1878,2052
2022-02-10,794,1340,1083,1900,2138
2022-02-11,1271,1108,1705,1998,2075
2022-02-14,1273,1266,1374,1577,2062
2022-02-15,1297,1299,1479,1571,1988
2022-02-16,879,1166,1293,1990,1868
2022-02-17,823,1360,1448,1864,1562
2022-02-18,656,1128,1949,1505,1750
2022-02-22,685,1124,1708,1642,2491
2022-02-23,1246,1104,1831,1612,1736
2022-02-24,691,1390,1858,1617,2343
2022-02-25,1232,1087,1562,1566,2075
2022-02-28,1282,1227,1368,1634,1650
2022-03-01,805,1010,1201,1555,2619
2022-03-02,655,1196,1545,1540,2383
2022-03-03,1162,1337,1268,1916,2642
2022-03-04,1227,1215,1339,1674,2185
2022-03-07,1117,1020,1261,1908,2376
2022-03-08,1081,1063,1781,1720,2888
2022-03-09,638,1011,1506,1773,1709
2022-03-10,736,1012,1187,1966,2871
2022-03-11,829,1068,1347,1837,1782
2022-03-14,716,1047,1577,1887,1633
2022-03-15,1023,1265,1338,1700,2334
2022-03-16,1259,1266,1638,1968,2685
2022-03-17,669,1348,1847,1524,2091
2022-03-18,961,1344,1513,1667,1890
2022-03-21,777,1050,1355,1890,2410
2022-03-22,656,1380,1253,1901,1577
2022-03-23,915,1091,1341,1615,2779
2022-03-24,1001,1387,1797,1727,2170
2022-03-25,687,1206,1535,1752,2462
2022-03-28,989,1334,1876,1598,2745
2022-03-29,760,1306,1663,1791,1676
2022-03-30,1282,1363,1320,1857,2234
2022-03-31,1297,1285,1112,1536,2913
2022-04-01,1251,1028,1211,1812,1547
2022-04-04,1063,1299,1323,1712,1710
2022-04-05,737,1350,1066,1703,2719
2022-04-06,621,1177,1896,1835,2228
2022-04-07,758,1297,1858,1917,2210
2022-04-08,1280,1121,1367,1744,1605
2022-04-11,715,1272,1172,1995,2376
2022-04-12,1214,1149,1663,1878,2771
2022-04-13,836,1038,1319,1744,1831
2022-04-14,1055,1284,1044,1636,2761
2022-04-18,873,1041,1110,1774,1936
2022-04-19,793,1124,1803,1682,2146
2022-04-20,938,1271,1890,1981,2640
2022-04-21,618,1306,1603,1910,1876
2022-04-22,1122,1017,1862,1578,2533
2022-04-25,630,1219,1990,1618,1915
2022-04-26,1172,1338,1015,1935,1816
2022-04-27,1095,1208,1478,1880,2267
2022-04-28,659,1325,1531,1851,1734
2022-04-29,613,1204,1894,1862,2990
2022-05-02,671,1193,1450,1816,2323
2022-05-03,661,1143,1731,1642,2853
2022-05-04,676,1092,1847,1581,1981
2022-05-05,882,1318,1796,1731,1975
2022-05-06,1135,1253,1124,1522,1916
2022-05-09,806,1037,1939,1980,1609
2022-05-10,981,1060,1828,1575,2649
2022-05-11,682,1206,1941,1731,1572
2022-05-12,1051,1174,1066,1663,1720
2022-05-13,611,1173,1838,1897,2240
2022-05-16,1114,1008,1498,1758,2063
2022-05-17,1167,1328,1858,1986,1652
2022-05-18,818,1245,1958,1688,1584
2022-05-19,862,1130,1158,1589,2033
2022-05-20,917,1213,1062,1631,1797
2022-05-23,1002,1334,1909,1999,2014
2022-05-24,718,1373,1664,2000,1958
2022-05-25,713,1330,1240,1721,2130
2022-05-26,810,1322,1805,1809,1507
2022-05-27,1049,1016,1533,1681,1591
2022-05-31,1051,1324,1260,1580,1794
2022-06-01,626,1397,1367,1578,1580
2022-06-02,1253,1136,1584,1985,1839
2022-06-03,671,1312,1055,1922,1867
2022-06-06,1258,1297,1781,1595,2795
2022-06-07,760,1227,1241,1930,2622
2022-06-08,1063,1289,1365,1812,1986
2022-06-09,801,1303,1190,1963,2114
2022-06-10,1244,1143,1760,1782,2856
2022-06-13,1005,1060,1604,1820,2607
2022-06-14,894,1365,1177,1971,1674
2022-06-15,1183,1208,1445,1614,2906
2022-06-16,1196,1037,1410,1910,2601
2022-06-17,665,1200,1035,1921,2988
2022-06-21,616,1009,1450,1810,2215
2022-06-22,970,1013,1636,1812,2392
2022-06-23,720,1350,1390,1820,1564
2022-06-24,898,1057,1224,1656,2630
2022-06-27,1034,1357,1854,1972,1943
2022-06-28,720,1268,1927,1839,2558
2022-06-29,1099,1399,1982,1952,2727
2022-06-30,1164,1213,1273,1541,2907
2022-07-01,620,1051,1528,1817,2866
2022-07-05,852,1103,1354,1858,2754
2022-07-06,1165,1370,1426,1569,2035
2022-07-07,668,1026,1982,1811,1757
2022-07-08,1123,1059,1820,1664,1777
2022-07-11,602,1149,1660,1922,2890
2022-07-12,629,1098,1069,1711,2364
2022-07-13,769,1288,1045,1934,1590
2022-07-14,949,1022,1701,1744,2397
2022-07-15,1082,1240,1011,1623,2568
2022-07-18,684,1010,1823,1751,1517
2022-07-19,812,1085,1457,1915,2327
2022-07-20,987,1184,1657,1649,2083
2022-07-21,1007,1086,1733,1861,2379
2022-07-22,961,1110,1590,1701,2226
2022-07-25,1116,1102,1737,1601,1507
2022-07-26,1279,1149,1440,1772,2613
2022-07-27,1134,1331,1212,1693,1591
2022-07-28,634,1394,1585,1546,2403
2022-07-29,920,1094,1904,1709,1737
2022-08-01,720,1044,1908,1853,1592
2022-08-02,971,1375,1274,1624,2840
2022-08-03,854,1067,1399,1517,1965
2022-08-04,683,1168,1982,1761,2733
2022-08-05,1109,1225,1289,1875,2581
2022-08-08,1074,1259,1038,1889,2931
2022-08-09,935,1325,1401,1794,2250
2022-08-10,1116,1150,1780,1831,1919
2022-08-11,1147,1384,1029,1629,1985
2022-08-12,1015,1143,1254,1691,2850
2022-08-15,1034,1008,1722,1840,2632
2022-08-16,626,1023,1120,1581,2869
2022-08-17,714,1005,1598,1793,2563
2022-08-18,1262,1170,1167,1904,1952
2022-08-19,983,1326,1876,1557,1925
2022-08-22,980,1056,1290,1723,1997
2022-08-23,1119,1113,1922,1902,2746
2022-08-24,747,1335,1221,1897,2967
2022-08-25,1093,1371,1580,1726,2568
2022-08-26,1063,1165,1820,1526,2565
2022-08-29,740,1102,1162,1590,1878
2022-08-30,757,1166,1713,1627,1557
2022-08-31,741,1043,1055,2000,1780
2022-09-01,706,1173,1561,1999,2504
2022-09-02,829,1202,1669,1630,2307
2022-09-06,1050,1143,1582,1736,2212
2022-09-07,1233,1371,1367,1592,2006
2022-09-08,942,1061,1777,1518,1776
2022-09-09,1131,1050,1520,1856,2005
2022-09-12,938,1325,1744,1942,1849
2022-09-13,643,1160,1008,1539,2149
2022-09-14,925,1334,1560,1550,2307
2022-09-15,1220,1070,1349,1758,2956
2022-09-16,1249,1091,1369,1515,2656
2022-09-19,683,1387,1353,1940,1600
2022-09-20,838,1235,1192,1897,1987
2022-09-21,884,1217,1295,1693,2176
2022-09-22,875,1023,1240,1820,1729
2022-09-23,673,1134,1240,1853,1726
2022-09-26,1216,1342,1202,1789,2005
2022-09-27,1222,1370,1213,1634,2136
2022-09-28,1203,1204,1674,1508,2684
2022-09-29,1093,1134,1631,1591,2320
2022-09-30,904,1384,1553,1991,2163
2022-10-03,611,1052,1819,1918,2266
2022-10-04,1282,1111,1326,1803,2165
2022-10-05,1152,1183,1183,1533,2081
2022-10-06,658,1356,1781,1879,1709
2022-10-07,1289,1034,1102,1829,1742
2022-10-10,730,1067,1813,1900,2105
2022-10-11,875,1292,1326,1507,2492
2022-10-12,1007,1087,1118,1626,1939
2022-10-13,1157,1251,1515,1731,2985
2022-10-14,1197,1327,1460,1963,2155
2022-10-17,774,1244,1215,1696,2686
2022-10-18,1034,1288,1328,1577,2278
2022-10-19,864,1022,1163,1874,1991
2022-10-20,1202,1286,1739,1652,2515
2022-10-21,843,1101,1648,1664,2784
2022-10-24,926,1157,1842,1587,2771
2022-10-25,1004,1295,1798,1512,2994
2022-10-26,874,1391,1701,1791,2871
2022-10-27,1243,1333,1006,1841,2327
2022-10-28,946,1362,1707,1975,2714
2022-10-31,909,1206,1159,1941,1734
2022-11-01,662,1304,1112,1524,1960
2022-11-02,724,1023,1399,1924,1538
2022-11-03,1192,1037,1907,1796,2216
2022-11-04,1109,1037,1099,1840,2718
2022-11-07,910,1154,1800,1640,2295
2022-11-08,818,1076,1317,1639,2824
2022-11-09,963,1163,1610,1585,1539
2022-11-10,892,1292,1194,1958,2616
2022-11-11,907,1044,1057,1942,2356
2022-11-14,614,1317,1039,1690,2223
2022-11-15,1020,1308,1912,1767,2522
2022-11-16,715,1278,1871,1891,1951
2022-11-17,622,1057,1807,1948,2630
2022-11-18,1176,1279,1776,1674,1801
2022-11-21,647,1009,1818,1755,2148
2022-11-22,854,1164,1980,1535,2741
2022-11-23,1262,1031,1303,1878,1664
2022-11-25,718,1234,1980,1647,1601
2022-11-28,1218,1258,1939,1893,2512
2022-11-29,979,1347,1493,1710,2131
2022-11-30,1010,1063,1734,1746,2667
2022-12-01,626,1151,1648,1543,1979
2022-12-02,1287,1143,1996,1512,2802
2022-12-05,758,1177,1860,1757,2900
2022-12-06,1001,1189,1292,1820,1677
2022-12-07,737,1209,1308,1588,2763
2022-12-08,1202,1039,1488,1834,2442
2022-12-09,1162,1048,1597,1618,2109
2022-12-12,868,1200,1522,1634,2689
2022-12-13,1230,1289,1103,1955,1729
2022-12-14,733,1013,1082,1945,1615
2022-12-15,633,1122,1935,1731,2245
2022-12-16,955,1097,1185,1780,2901
2022-12-19,1013,1349,1814,1704,1996
2022-12-20,1190,1043,1980,1700,2699
2022-12-21,879,1400,1027,1917,1758
2022-12-22,1073,1193,1077,1826,2656
2022-12-23,1278,1072,1258,1848,1910
2022-12-27,900,1300,1567,1676,1768
2022-12-28,1048,1231,1767,1824,2787
2022-12-29,1086,1113,1297,1874,1925
2022-12-30,1225,1187,1607,1944,2425
